studentId,class
1,2E
2,8D
3,5U
4,7W
5,5R
6,1Y
7,2B
8,1L
9,4S
10,4V
11,7X
12,7I
13,2F
14,9E
15,2P
16,4R
17,4T
18,7F
19,3E
20,2X
21,3H
22,2F
23,7K
24,12N
25,8C
26,8W
27,11O
28,5W
29,2Q
30,3G
31,2P
32,9W
33,2G
34,12T
35,3Q
36,6V
37,7N
38,11A
39,2C
40,3I
41,8B
42,11F
43,11F
44,1S
45,5Z
46,2L
47,8T
48,12E
49,11O
50,9T
51,9T
52,12D
53,10C
54,1S
55,12W
56,9S
57,2N
58,11E
59,9J
60,8H
61,1T
62,1Q
63,6W
64,1Z
65,9O
66,3X
67,11V
68,2X
69,11F
70,3D
71,12F
72,2U
73,7R
74,9Q
75,9T
76,8N
77,9A
78,1N
79,3D
80,1W
81,9Q
82,9H
83,10R
84,6N
85,2W
86,8W
87,12F
88,1R
89,11B
90,2F
91,5A
92,8G
93,10P
94,5S
95,10H
96,12Z
97,3U
98,3H
99,1M
100,12Z
101,8B
102,2G
103,9M
104,7V
105,9I
106,10D
107,12U
108,7G
109,10V
110,11K
111,11J
112,10L
113,1T
114,2S
115,8A
116,7U
117,11L
118,8V
119,6T
120,1H
121,7P
122,11E
123,10E
124,12A
125,10V
126,5F
127,6Y
128,11Z
129,7S
130,1O
131,7U
132,9J
133,4M
134,12G
135,9Y
136,4A
137,2C
138,5X
139,7G
140,5L
141,11H
142,11S
143,2H
144,11T
145,12P
146,9O
147,5T
148,10T
149,8B
150,7E
151,2J
152,2J
153,8T
154,7W
155,4B
156,2Y
157,10H
158,7Z
159,1N
160,10E
161,7K
162,4L
163,3T
164,2R
165,2K
166,4G
167,12K
168,4U
169,3B
170,8A
171,3N
172,9P
173,12Z
174,7H
175,7G
176,1A
177,2V
178,4I
179,11F
180,5T
181,12Y
182,12M
183,1H
184,7L
185,9N
186,1F
187,11Z
188,11G
189,8O
190,8V
191,7Q
192,4O
193,8L
194,5O
195,4T
196,4W
197,5X
198,7V
199,11V
200,6Q
201,6S
202,1Y
203,8F
204,5G
205,11C
206,8K
207,11M
208,4X
209,6P
210,1O
211,11K
212,5X
213,7J
214,9Z
215,1U
216,4S
217,10I
218,4L
219,9X
220,3Z
221,10V
222,8Q
223,12X
224,3A
225,9M
226,10I
227,8A
228,12F
229,11U
230,12G
231,6E
232,6V
233,11I
234,2P
235,6S
236,8V
237,8L
238,1J
239,12M
240,11D
241,9U
242,8L
243,2L
244,9W
245,10U
246,4J
247,6V
248,11H
249,2H
250,4L
251,7V
252,8A
253,12K
254,6A
255,2C
256,3T
257,2K
258,10S
259,11D
260,8Q
261,2H
262,7H
263,2F
264,9Z
265,6L
266,3I
267,2T
268,10S
269,2G
270,8M
271,7F
272,6G
273,7Z
274,6L
275,1Y
276,1C
277,9Z
278,12U
279,10R
280,1B
281,11O
282,10H
283,10E
284,11C
285,9H
286,6S
287,9H
288,9J
289,4E
290,5T
291,8C
292,7E
293,1E
294,3K
295,4W
296,11C
297,2S
298,1E
299,10Q
300,11U
301,12F
302,3J
303,10Y
304,6M
305,7K
306,4G
307,11K
308,9P
309,11O
310,11L
311,4I
312,3E
313,12T
314,8P
315,9U
316,12W
317,3H
318,9F
319,4W
320,7A
321,1H
322,6B
323,1D
324,1F
325,2D
326,6Q
327,9Y
328,6C
329,4Q
330,2M
331,5G
332,3G
333,11L
334,4U
335,5K
336,9R
337,3W
338,6F
339,3Z
340,2W
341,6P
342,1Q
343,3I
344,9K
345,5W
346,7X
347,6V
348,8O
349,5Y
350,8F
351,12L
352,9G
353,2D
354,8R
355,7Q
356,9D
357,6I
358,3W
359,4I
360,9U
361,7W
362,4B
363,1J
364,1Y
365,4C
366,4T
367,10B
368,10G
369,10P
370,1L
371,12Y
372,10Y
373,8O
374,5N
375,5E
376,10J
377,11O
378,8B
379,10Z
380,1D
381,1V
382,3R
383,3J
384,4R
385,4I
386,1Q
387,11J
388,1R
389,11Z
390,8X
391,9E
392,2A
393,10Z
394,9B
395,7J
396,7F
397,1T
398,11A
399,8N
400,7Z
401,10F
402,10B
403,7P
404,12V
405,12H
406,10P
407,4V
408,2W
409,11J
410,2X
411,11Y
412,1J
413,8I
414,7C
415,10V
416,6C
417,12N
418,11A
419,11Z
420,2Q
421,1G
422,3S
423,8B
424,11Q
425,6I
426,4R
427,11Q
428,10Z
429,9A
430,8Z
431,1I
432,12J
433,1M
434,8H
435,10Q
436,11G
437,1C
438,8E
439,5C
440,7Y
441,7I
442,8G
443,9X
444,10Q
445,5N
446,4V
447,8N
448,3H
449,5Y
450,8I
451,2E
452,2G
453,4L
454,4Y
455,4N
456,7R
457,5K
458,10P
459,5W
460,9T
461,4O
462,12V
463,6Q
464,7G
465,8C
466,7E
467,3T
468,10P
469,4O
470,9W
471,1T
472,2D
473,12C
474,6N
475,9A
476,10M
477,2H
478,10V
479,1W
480,1J
481,9G
482,10M
483,8D
484,8I
485,12J
486,7B
487,5V
488,8W
489,8W
490,1P
491,10G
492,2D
493,7R
494,10T
495,2Z
496,1R
497,12D
498,6Q
499,4O
500,11F
501,11J
502,5G
503,7C
504,9C
505,10I
506,10U
507,10Q
508,12G
509,3D
510,10I
511,4V
512,6F
513,5Z
514,8Z
515,3E
516,3H
517,11H
518,6M
519,1T
520,9W
521,2G
522,4M
523,12G
524,10H
525,11B
526,7T
527,12E
528,10U
529,5H
530,3X
531,11J
532,3V
533,11C
534,11N
535,10M
536,2C
537,3C
538,3U
539,12A
540,5P
541,3N
542,7H
543,4Y
544,8V
545,12K
546,11S
547,10T
548,11H
549,6I
550,10K
551,12R
552,11B
553,9N
554,7R
555,9K
556,5O
557,8J
558,9H
559,6R
560,11B
561,10O
562,8N
563,11M
564,2K
565,5B
566,3L
567,12S
568,8W
569,9V
570,8Z
571,10L
572,2Y
573,6W
574,11J
575,3O
576,5H
577,10L
578,4N
579,7J
580,5R
581,12M
582,9A
583,2V
584,10H
585,4T
586,4C
587,7K
588,12N
589,8Y
590,7A
591,10X
592,5M
593,4K
594,10V
595,3L
596,7V
597,8P
598,5Q
599,10E
600,5F
601,11C
602,11R
603,9M
604,9A
605,3E
606,8P
607,1L
608,9O
609,10L
610,2X
611,6P
612,10I
613,12S
614,3H
615,9Q
616,1M
617,8F
618,7S
619,4X
620,4Q
621,3Y
622,9O
623,11I
624,9H
625,5K
626,2B
627,10M
628,7G
629,4A
630,3Y
631,3E
632,7Z
633,5W
634,1T
635,1R
636,1E
637,6K
638,11W
639,2O
640,8D
641,12Q
642,12W
643,7P
644,12R
645,9C
646,4Q
647,10O
648,2K
649,6T
650,2B
651,5A
652,2Y
653,3O
654,2Q
655,3Q
656,5D
657,8R
658,10K
659,6G
660,10X
661,2R
662,11E
663,8F
664,5M
665,9W
666,8R
667,11B
668,1O
669,10H
670,5N
671,8T
672,6Q
673,12Z
674,4B
675,6W
676,3L
677,11F
678,1C
679,11B
680,2V
681,5V
682,10Q
683,2G
684,1X
685,3S
686,2N
687,1R
688,8R
689,11T
690,1K
691,4T
692,6W
693,10D
694,12M
695,10B
696,5H
697,5N
698,9U
699,2C
700,7M
701,11E
702,6F
703,12R
704,1Z
705,12X
706,8F
707,12A
708,11R
709,4Z
710,5W
711,5Y
712,4V
713,2L
714,4B
715,4G
716,3P
717,12A
718,10S
719,11D
720,8C
721,7P
722,7H
723,11B
724,9I
725,11X
726,6U
727,3Y
728,10L
729,5Z
730,8Y
731,4E
732,8A
733,4T
734,6L
735,6L
736,5Q
737,3X
738,7J
739,11K
740,7Q
741,7J
742,4R
743,10U
744,10I
745,11F
746,3F
747,12T
748,11I
749,9D
750,5G
751,6B
752,5G
753,8Y
754,7F
755,5X
756,6M
757,9E
758,5R
759,6A
760,11I
761,6A
762,6F
763,3G
764,11I
765,2B
766,10R
767,6N
768,3T
769,3G
770,6A
771,6B
772,9D
773,10L
774,9U
775,4W
776,11P
777,6S
778,11D
779,4O
780,10R
781,12C
782,12A
783,1H
784,9I
785,2X
786,1U
787,4L
788,2C
789,12A
790,11P
791,7V
792,8Y
793,5Y
794,1I
795,1K
796,5S
797,1O
798,2U
799,12C
800,2P
801,2L
802,1J
803,4U
804,3Y
805,4W
806,7Z
807,1R
808,11C
809,8Y
810,1U
811,6A
812,4L
813,11X
814,5L
815,6A
816,10U
817,12S
818,12R
819,7X
820,8V
821,12V
822,3N
823,12M
824,12W
825,12Q
826,7K
827,5D
828,6C
829,3H
830,11I
831,1E
832,10A
833,4B
834,2N
835,7D
836,7K
837,12Q
838,4J
839,11S
840,5W
841,11D
842,12N
843,5D
844,3P
845,12V
846,1W
847,1F
848,8D
849,5U
850,1F
851,11F
852,7G
853,11A
854,8C
855,6Y
856,11R
857,10P
858,1X
859,7R
860,3G
861,2R
862,10G
863,6K
864,12E
865,2V
866,12W
867,7N
868,7O
869,12X
870,7N
871,10O
872,2P
873,9J
874,10N
875,10U
876,5Z
877,5B
878,9H
879,10L
880,6Z
881,5F
882,11D
883,8K
884,3O
885,2R
886,8S
887,4H
888,12M
889,3E
890,8D
891,7J
892,9S
893,7H
894,4P
895,3A
896,9H
897,2Y
898,1Z
899,4F
900,8E
901,12D
902,8U
903,1G
904,2T
905,12M
906,7S
907,1H
908,2X
909,11K
910,10G
911,4I
912,8A
913,7Z
914,1Z
915,4Q
916,6M
917,4R
918,2D
919,1H
920,7Q
921,1G
922,11H
923,6C
924,12P
925,11K
926,2K
927,5T
928,11T
929,3T
930,5K
931,11O
932,12M
933,1Q
934,10D
935,4P
936,9J
937,4V
938,7N
939,12O
940,3V
941,7G
942,7S
943,6H
944,5K
945,2D
946,9S
947,12U
948,12E
949,11I
950,10M
951,8Y
952,7X
953,10C
954,12I
955,11H
956,5Q
957,8A
958,2Q
959,5M
960,1I
961,2M
962,12U
963,2P
964,2Q
965,4A
966,1W
967,2Q
968,12Y
969,7X
970,5G
971,4P
972,3F
973,5B
974,7F
975,7H
976,11U
977,5Q
978,6U
979,2Q
980,4I
981,11R
982,10C
983,3R
984,5P
985,2N
986,7I
987,2O
988,1M
989,2G
990,1A
991,8Z
992,9T
993,3F
994,11F
995,12L
996,5K
997,8E
998,8G
999,9Y
1000,7Q
1001,12B
1002,6B
1003,7D
1004,10Y
1005,12E
1006,3G
1007,10V
1008,11R
1009,8K
1010,2Y
1011,5J
1012,4A
1013,9B
1014,3E
1015,11C
1016,4F
1017,8A
1018,2Y
1019,4W
1020,7H
1021,12Y
1022,5Z
1023,12G
1024,11R
1025,10E
1026,1A
1027,8P
1028,1D
1029,10G
1030,7D
1031,6L
1032,6T
1033,1C
1034,2F
1035,12M
1036,3Y
1037,11S
1038,3B
1039,9M
1040,2N
1041,8N
1042,4P
1043,11F
1044,3D
1045,8Q
1046,1B
1047,12R
1048,2T
1049,10F
1050,3I
1051,10W
1052,9R
1053,1Y
1054,9Z
1055,10T
1056,10M
1057,2Y
1058,2M
1059,11T
1060,5W
1061,7G
1062,3A
1063,5J
1064,3O
1065,4X
1066,4I
1067,3K
1068,9R
1069,9B
1070,3J
1071,7D
1072,10X
1073,7E
1074,9Z
1075,11W
1076,9R
1077,11P
1078,7K
1079,7V
1080,11O
1081,5Q
1082,1O
1083,3C
1084,1P
1085,12K
1086,2B
1087,9H
1088,6Z
1089,10H
1090,11A
1091,1I
1092,4O
1093,10E
1094,9J
1095,12A
1096,11E
1097,7E
1098,3P
1099,12D
1100,3G
1101,1I
1102,2E
1103,7N
1104,3I
1105,9G
1106,7T
1107,2U
1108,5P
1109,6X
1110,6C
1111,12O
1112,6D
1113,5U
1114,7H
1115,2F
1116,11E
1117,3E
1118,6T
1119,6V
1120,7A
1121,5D
1122,6C
1123,11K
1124,8M
1125,9N
1126,3D
1127,9F
1128,9O
1129,4G
1130,10H
1131,12O
1132,2W
1133,11P
1134,3B
1135,4I
1136,12M
1137,11T
1138,1Y
1139,10O
1140,12M
1141,3H
1142,12Z
1143,12R
1144,11T
1145,7Z
1146,5F
1147,12Y
1148,3X
1149,3Q
1150,1J
1151,6F
1152,10C
1153,5D
1154,10M
1155,10B
1156,12K
1157,11P
1158,12C
1159,6G
1160,6V
1161,1D
1162,9Q
1163,1V
1164,1E
1165,4Z
1166,9S
1167,11X
1168,2Z
1169,7M
1170,11U
1171,11W
1172,6M
1173,10N
1174,8E
1175,10X
1176,6D
1177,8P
1178,10Y
1179,4D
1180,4R
1181,5B
1182,12S
1183,10G
1184,12J
1185,5Z
1186,4K
1187,7J
1188,9J
1189,5N
1190,2L
1191,5G
1192,4S
1193,5D
1194,2K
1195,9B
1196,3P
1197,2Y
1198,5N
1199,5U
1200,10W
1201,7T
1202,5A
1203,4H
1204,6Y
1205,4S
1206,1I
1207,8U
1208,1W
1209,5S
1210,5Y
1211,5N
1212,4W
1213,2H
1214,5M
1215,3T
1216,9Q
1217,10J
1218,4A
1219,9L
1220,4V
1221,12X
1222,6I
1223,5E
1224,8M
1225,8X
1226,6L
1227,7P
1228,5K
1229,12W
1230,9X
1231,11N
1232,5O
1233,5X
1234,11C
1235,2B
1236,11O
1237,7X
1238,1V
1239,10U
1240,12Q
1241,7G
1242,3R
1243,5Q
1244,4T
1245,8E
1246,2T
1247,11M
1248,1C
1249,2M
1250,8V
1251,10U
1252,3D
1253,2L
1254,10P
1255,7Q
1256,1M
1257,6W
1258,9P
1259,3Y
1260,1P
1261,12T
1262,1E
1263,8F
1264,7Q
1265,9B
1266,10P
1267,1E
1268,2N
1269,3K
1270,12B
1271,3P
1272,11W
1273,3M
1274,11B
1275,6W
1276,10G
1277,7K
1278,1A
1279,5C
1280,10N
1281,6X
1282,3K
1283,4X
1284,10S
1285,3H
1286,12A
1287,12K
1288,10W
1289,7N
1290,12H
1291,6J
1292,11Q
1293,8A
1294,2Q
1295,3R
1296,9A
1297,7I
1298,5I
1299,2J
1300,4D
1301,1K
1302,8U
1303,12Z
1304,9F
1305,5N
1306,12U
1307,6X
1308,4J
1309,6Q
1310,9D
1311,11U
1312,3P
1313,3P
1314,10A
1315,2M
1316,1E
1317,10N
1318,2M
1319,9O
1320,12A
1321,12P
1322,12R
1323,9Y
1324,7P
1325,3O
1326,5B
1327,5U
1328,10W
1329,8D
1330,7F
1331,8H
1332,8K
1333,2A
1334,2N
1335,8C
1336,4D
1337,4J
1338,12C
1339,11T
1340,6B
1341,6E
1342,6J
1343,1D
1344,6P
1345,10W
1346,7L
1347,6N
1348,6B
1349,6M
1350,10N
1351,6S
1352,1G
1353,6E
1354,3L
1355,1Q
1356,9Z
1357,6Y
1358,7W
1359,10I
1360,9E
1361,6K
1362,3Z
1363,8G
1364,8P
1365,8U
1366,6I
1367,1B
1368,3S
1369,3T
1370,8E
1371,7T
1372,10L
1373,9Y
1374,1G
1375,6N
1376,7W
1377,2G
1378,2K
1379,11X
1380,2B
1381,2Z
1382,8V
1383,9I
1384,3U
1385,7Y
1386,12H
1387,1G
1388,4S
1389,8K
1390,12U
1391,2B
1392,6A
1393,12P
1394,2Z
1395,1I
1396,11Z
1397,5T
1398,8I
1399,10T
1400,6O
1401,5C
1402,2H
1403,2O
1404,7J
1405,6V
1406,8I
1407,2M
1408,7R
1409,9S
1410,5O
1411,2J
1412,6K
1413,11P
1414,3Y
1415,1B
1416,9K
1417,6E
1418,1S
1419,7V
1420,2O
1421,11F
1422,8M
1423,5D
1424,2R
1425,11X
1426,12D
1427,10C
1428,12I
1429,12O
1430,3P
1431,10N
1432,10M
1433,9A
1434,6D
1435,8D
1436,9Q
1437,4K
1438,12O
1439,12U
1440,10I
1441,8B
1442,3T
1443,5B
1444,9E
1445,2U
1446,4M
1447,10B
1448,11L
1449,1W
1450,10C
1451,9O
1452,2Z
1453,9P
1454,8G
1455,4I
1456,7J
1457,10B
1458,12E
1459,10L
1460,1V
1461,3O
1462,10B
1463,7C
1464,8N
1465,4Y
1466,4B
1467,2F
1468,8X
1469,1F
1470,10J
1471,7K
1472,9Z
1473,5R
1474,7O
1475,4F
1476,2T
1477,12E
1478,10A
1479,3P
1480,3H
1481,6E
1482,2R
1483,10I
1484,6L
1485,3K
1486,2U
1487,5K
1488,1B
1489,8H
1490,10Y
1491,3I
1492,10C
1493,2L
1494,10A
1495,2E
1496,9U
1497,5D
1498,7R
1499,2W
1500,11V
1501,3X
1502,10P
1503,4B
1504,5J
1505,5B
1506,10J
1507,10V
1508,1A
1509,7V
1510,10D
1511,11P
1512,8N
1513,12P
1514,4M
1515,8L
1516,10U
1517,3Q
1518,9R
1519,9N
1520,12W
1521,1I
1522,8D
1523,10W
1524,2Y
1525,5B
1526,5F
1527,7N
1528,5S
1529,3W
1530,6A
1531,4W
1532,2L
1533,4K
1534,11S
1535,7D
1536,5U
1537,4F
1538,6O
1539,12N
1540,11U
1541,3A
1542,12J
1543,2U
1544,7Y
1545,7E
1546,4Z
1547,5A
1548,7E
1549,8Z
1550,8M
1551,9U
1552,1O
1553,11A
1554,5Y
1555,12B
1556,3C
1557,11A
1558,4U
1559,9R
1560,12A
1561,1I
1562,9O
1563,5D
1564,2N
1565,7Q
1566,7U
1567,12U
1568,9I
1569,10T
1570,5Q
1571,2Y
1572,6W
1573,7M
1574,8Y
1575,4F
1576,11Z
1577,12J
1578,5C
1579,1Z
1580,5A
1581,8P
1582,7A
1583,4Y
1584,6Y
1585,4V
1586,7T
1587,9V
1588,1X
1589,9S
1590,8V
1591,11H
1592,8N
1593,7X
1594,5F
1595,7Q
1596,7L
1597,7C
1598,12L
1599,8R
1600,10K
1601,10T
1602,12I
1603,1E
1604,12F
1605,6P
1606,2H
1607,2J
1608,4F
1609,5S
1610,4E
1611,12V
1612,12C
1613,11H
1614,5B
1615,1O
1616,3G
1617,12E
1618,2G
1619,11B
1620,11A
1621,8G
1622,1Y
1623,8E
1624,4T
1625,2F
1626,2N
1627,6I
1628,1Q
1629,7L
1630,10Q
1631,8S
1632,6W
1633,1H
1634,6F
1635,11W
1636,7G
1637,10K
1638,11Y
1639,3Z
1640,3S
1641,12C
1642,1I
1643,2K
1644,10H
1645,1E
1646,4J
1647,2B
1648,8B
1649,1O
1650,5F
1651,4P
1652,4F
1653,5C
1654,4D
1655,1B
1656,9E
1657,7B
1658,7D
1659,1X
1660,9Q
1661,2K
1662,3X
1663,1G
1664,9P
1665,5K
1666,5G
1667,3F
1668,11H
1669,8O
1670,2U
1671,1U
1672,5T
1673,4O
1674,6E
1675,2L
1676,7K
1677,7Z
1678,3G
1679,8L
1680,9B
1681,4O
1682,3X
1683,3T
1684,5B
1685,11X
1686,2B
1687,5Q
1688,6A
1689,11S
1690,5T
1691,7E
1692,6T
1693,11M
1694,10R
1695,10L
1696,4U
1697,6K
1698,3M
1699,4O
1700,4L
1701,12V
1702,11C
1703,3Q
1704,2Y
1705,10I
1706,5G
1707,10J
1708,12W
1709,8E
1710,1H
1711,6I
1712,12A
1713,9U
1714,12D
1715,11B
1716,7H
1717,9U
1718,9A
1719,11J
1720,2I
1721,12E
1722,3U
1723,2Z
1724,4P
1725,2V
1726,8B
1727,10U
1728,9C
1729,7O
1730,9J
1731,4D
1732,4U
1733,10P
1734,6H
1735,9O
1736,10E
1737,9Y
1738,3B
1739,11T
1740,12T
1741,6T
1742,5N
1743,9Y
1744,9E
1745,8S
1746,12X
1747,10O
1748,9X
1749,5T
1750,6J
1751,3J
1752,6X
1753,1B
1754,10X
1755,10H
1756,8E
1757,10B
1758,11J
1759,12P
1760,9H
1761,8X
1762,10F
1763,8G
1764,9I
1765,3R
1766,3U
1767,9Z
1768,6U
1769,11Y
1770,5C
1771,7G
1772,11C
1773,1G
1774,6Q
1775,12A
1776,11V
1777,4I
1778,10H
1779,7L
1780,7T
1781,4E
1782,8V
1783,10M
1784,5E
1785,4H
1786,2O
1787,4C
1788,11P
1789,9O
1790,10U
1791,2G
1792,8W
1793,5E
1794,8U
1795,11W
1796,5D
1797,2X
1798,7E
1799,12N
1800,4C
1801,6O
1802,9B
1803,3M
1804,7J
1805,3F
1806,4N
1807,2D
1808,4H
1809,1H
1810,3E
1811,6J
1812,3L
1813,5K
1814,11S
1815,7Q
1816,5R
1817,3O
1818,1B
1819,5A
1820,5Q
1821,10M
1822,11J
1823,5E
1824,7E
1825,7I
1826,1E
1827,3R
1828,6G
1829,7A
1830,3X
1831,7Y
1832,1M
1833,8W
1834,8M
1835,9D
1836,9M
1837,11E
1838,7X
1839,7M
1840,6S
1841,2I
1842,2K
1843,7F
1844,5T
1845,4O
1846,7U
1847,6F
1848,10Z
1849,11E
1850,4P
1851,2D
1852,3Y
1853,6B
1854,8R
1855,9M
1856,11D
1857,5A
1858,2F
1859,12I
1860,3W
1861,1L
1862,5C
1863,11I
1864,7C
1865,3C
1866,3D
1867,8M
1868,1K
1869,1N
1870,3N
1871,9B
1872,7A
1873,11V
1874,10P
1875,8M
1876,8I
1877,8O
1878,2U
1879,12C
1880,6N
1881,11M
1882,9Z
1883,9O
1884,1L
1885,9R
1886,11Y
1887,3F
1888,12C
1889,4E
1890,2T
1891,9M
1892,11Y
1893,12F
1894,2I
1895,3S
1896,6P
1897,3A
1898,4B
1899,6O
1900,10R
1901,8T
1902,2Z
1903,7N
1904,9D
1905,6H
1906,2H
1907,10Z
1908,4B
1909,4E
1910,8X
1911,8B
1912,6N
1913,12J
1914,10U
1915,7M
1916,10U
1917,3I
1918,3W
1919,2F
1920,7T
1921,8P
1922,5T
1923,2A
1924,4E
1925,10E
1926,7O
1927,5A
1928,12V
1929,6W
1930,1L
1931,2W
1932,9G
1933,3N
1934,8A
1935,8O
1936,12A
1937,10R
1938,2S
1939,4K
1940,8J
1941,7P
1942,5W
1943,2M
1944,3H
1945,5S
1946,8S
1947,3Q
1948,1G
1949,4U
1950,12V
1951,2B
1952,2W
1953,1V
1954,10O
1955,5K
1956,3W
1957,3C
1958,3K
1959,5G
1960,9S
1961,5Y
1962,10U
1963,12Y
1964,1E
1965,8S
1966,7N
1967,11N
1968,12J
1969,7Q
1970,2W
1971,6N
1972,1U
1973,7I
1974,9B
1975,7W
1976,9I
1977,6T
1978,11L
1979,6B
1980,2R
1981,3E
1982,9V
1983,5X
1984,2Y
1985,4M
1986,7B
1987,5S
1988,4C
1989,8R
1990,12B
1991,5R
1992,12B
1993,6J
1994,11B
1995,4B
1996,7H
1997,6Q
1998,4W
1999,4V
2000,8L